active_power_w,energy_consumption_kwh,water_usage_effectiveness,carbon_intensity_gco2_kwh,inlet_temperature_c,exhaust_temperature_c,delta_t_c,fan_speed_rpm,cooling_method,cpu_utilization_percent,memory_utilization_percent,gpu_power_w,gpu_utilization_percent,gpu_temperature_c,gpu_core_frequency_mhz,num_gpus,ai_workload_type,batch_size,num_epochs,model_parameter_size_million,training_samples,job_duration_hours,job_status,rack_power_density_kw,gpu_sharing_mode,power_cap_w,manufacturer_sku_id,rack_label_color,rack_inventory_zone,environmental_waste_risk_level
1190,1.16,1.07,634,23.7,54.4,30.7,9220,air,33,43,150,27,49,904,2,idle,1,1,426,56964,1.98,success,7.4,temporal_sharing,1817,sku_b,blue,zone_d,moderado
5156,5.21,1.32,333,24.9,57.4,32.5,13408,hybrid,61,65,419,61,81,1684,4,fine_tuning,384,21,5878,15279065,30.40,running,13.7,mig,6369,sku_c,green,zone_b,moderado
2946,2.88,0.66,180,23.2,43.6,20.4,6102,hybrid,41,52,305,47,64,1262,2,inference,16,1,1867,807710,3.01,success,9.7,temporal_sharing,3754,sku_b,yellow,zone_d,moderado
8680,8.65,1.76,427,26.3,60.0,33.7,15904,hybrid,61,86,509,51,86,1733,16,training,1024,98,25139,58165354,26.69,success,28.6,full_gpu,11287,sku_d,yellow,zone_a,moderado
6343,6.34,1.37,442,26.4,58.8,32.4,12905,hybrid,66,72,454,71,84,1665,8,fine_tuning,768,15,13671,16577821,17.13,success,14.9,full_gpu,7735,sku_e,red,zone_a,moderado
5144,5.22,0.78,320,23.6,47.2,23.6,9916,hybrid,67,75,303,66,71,1604,4,fine_tuning,768,10,11364,2495424,16.29,success,11.2,full_gpu,6664,sku_b,red,zone_a,moderado
5867,5.82,0.55,152,23.5,49.6,26.1,10218,immersion,82,67,537,74,83,1708,8,training,768,81,15424,70977947,34.40,success,18.8,full_gpu,7118,sku_a,green,zone_d,moderado
3183,3.15,1.08,305,23.8,52.2,28.4,9679,air,43,59,214,72,62,1528,2,inference,128,1,3500,3022060,5.38,running,11.7,mig,3625,sku_e,green,zone_a,moderado
1526,1.57,0.86,484,24.3,56.1,31.8,8782,air,27,35,159,29,48,1101,2,idle,2,1,414,71602,2.48,success,6.8,mig,2001,sku_a,blue,zone_b,moderado
2459,2.50,0.58,188,21.9,39.5,17.6,6510,liquid,39,70,396,48,69,1528,1,inference,128,1,5029,4363292,2.88,success,6.5,mig,2781,sku_e,red,zone_d,moderado
10184,10.14,2.26,373,23.2,58.4,35.2,16922,hybrid,67,73,592,65,91,1888,16,training,1536,38,50619,35498720,105.54,success,28.4,full_gpu,12000,sku_c,red,zone_a,moderado
4325,4.39,1.37,403,23.9,50.6,26.7,12363,hybrid,60,77,374,73,77,1694,4,fine_tuning,512,24,6448,14192648,6.09,success,13.8,full_gpu,6528,sku_c,blue,zone_c,moderado
7809,7.86,1.74,417,26.1,61.6,35.5,14995,hybrid,67,90,494,76,87,2021,8,training,256,70,51886,76300745,85.04,success,19.2,full_gpu,10876,sku_e,green,zone_a,moderado
2817,2.85,0.47,350,22.1,47.7,25.6,8288,liquid,43,70,276,70,66,1646,2,inference,16,1,1355,4369810,3.85,success,6.7,temporal_sharing,3586,sku_b,yellow,zone_b,moderado
2733,2.76,1.46,234,22.7,44.0,21.3,8939,air,36,62,355,47,67,1335,4,inference,512,1,5825,3550150,5.05,success,12.9,temporal_sharing,3272,sku_e,white,zone_d,moderado
11800,11.84,2.19,356,26.4,52.3,25.9,17420,liquid,63,65,502,55,86,1742,16,training,768,67,16644,83087206,31.25,success,28.1,full_gpu,12000,sku_b,yellow,zone_a,moderado
3677,3.65,0.75,397,24.0,54.9,30.9,9531,hybrid,60,71,268,62,68,1428,4,inference,256,1,2414,4489186,1.13,success,13.1,full_gpu,4559,sku_c,white,zone_c,moderado
2254,2.19,1.36,407,25.0,53.3,28.3,8834,air,25,43,188,30,54,1092,2,idle,4,1,451,81378,1.63,success,9.4,temporal_sharing,2519,sku_c,red,zone_a,moderado
1718,1.77,0.75,300,23.7,51.9,28.2,8045,air,31,43,269,34,61,1271,2,idle,16,1,151,57837,0.73,success,6.2,temporal_sharing,2603,sku_e,red,zone_a,moderado
4545,4.55,0.61,325,24.7,57.1,32.4,10575,liquid,55,74,413,63,79,1806,4,fine_tuning,512,11,7205,10654716,7.29,success,11.0,full_gpu,6009,sku_a,red,zone_b,moderado
3132,3.09,0.74,441,21.6,49.3,27.7,10244,hybrid,54,63,396,77,76,1800,4,fine_tuning,384,33,14333,11314315,19.73,success,11.3,mig,3515,sku_d,green,zone_c,moderado
5005,4.96,0.95,201,23.5,44.9,21.4,8313,air,75,82,279,71,72,1530,4,fine_tuning,384,32,8239,10654573,16.35,running,13.8,full_gpu,6810,sku_e,green,zone_a,moderado
3148,3.17,1.58,338,24.5,49.6,25.1,11093,hybrid,57,54,257,38,67,1253,4,inference,64,1,2634,2459828,1.63,success,11.2,full_gpu,4209,sku_a,blue,zone_a,moderado
6539,6.48,1.67,418,25.5,58.0,32.5,14475,air,45,76,465,42,80,1558,8,fine_tuning,512,17,7884,5950738,34.38,failed,19.4,full_gpu,9941,sku_a,green,zone_a,moderado
1659,1.64,0.46,333,21.6,41.6,20.0,5650,air,36,58,207,41,61,1320,1,inference,128,1,2765,1000539,2.80,success,6.5,mig,2163,sku_c,blue,zone_b,moderado
3307,3.34,1.74,300,25.1,50.1,25.0,9349,hybrid,43,66,330,49,70,1332,2,inference,128,1,5770,1087592,4.65,success,11.4,temporal_sharing,4290,sku_b,yellow,zone_d,moderado
7037,6.98,1.53,481,24.3,47.2,22.9,12790,hybrid,69,66,458,63,82,1607,8,fine_tuning,512,14,12262,12845674,26.71,success,19.6,full_gpu,8508,sku_c,green,zone_d,moderado
6620,6.64,1.14,474,24.0,51.5,27.5,13547,air,68,84,506,63,83,1748,4,training,1536,113,36065,56076765,22.67,failed,16.9,full_gpu,8944,sku_d,yellow,zone_d,moderado
4618,4.64,1.42,398,23.0,44.3,21.3,9114,hybrid,52,81,333,71,73,1592,4,fine_tuning,512,29,12248,10873812,17.85,success,9.6,mig,5380,sku_b,white,zone_c,moderado
1950,2.03,1.46,259,24.1,52.3,28.2,8193,air,11,46,192,10,48,1005,4,idle,2,1,37,47672,6.01,running,10.1,none,3032,sku_a,yellow,zone_b,moderado
3255,3.24,1.08,231,23.6,47.3,23.7,10164,liquid,38,63,355,40,69,1438,4,inference,128,1,5989,4420022,5.45,success,14.1,temporal_sharing,4333,sku_b,white,zone_b,moderado
3448,3.51,0.93,518,24.3,48.9,24.6,10953,liquid,35,60,345,48,67,1377,2,inference,128,1,3388,2288600,5.29,success,8.6,temporal_sharing,3942,sku_c,blue,zone_c,moderado
7338,7.28,1.80,537,25.4,52.9,27.5,14771,liquid,71,75,351,70,78,1819,8,fine_tuning,384,7,7934,14924856,11.76,success,18.0,full_gpu,9329,sku_b,green,zone_b,moderado
4259,4.26,1.46,362,23.7,52.9,29.2,10965,liquid,44,63,321,48,69,1450,4,inference,64,1,4841,3976445,5.33,running,12.3,mig,4991,sku_a,red,zone_b,moderado
3265,3.29,0.98,427,25.0,51.6,26.6,10275,hybrid,50,54,351,40,70,1396,2,inference,128,1,5222,4906251,4.67,success,6.9,mig,4012,sku_e,blue,zone_d,moderado
3464,3.46,1.34,479,23.4,52.6,29.2,11155,liquid,51,75,295,58,73,1511,4,inference,256,1,5410,1605461,4.71,success,14.7,mig,3946,sku_b,white,zone_b,moderado
5216,5.25,1.01,480,23.4,54.8,31.4,10959,hybrid,69,61,458,69,81,1603,4,fine_tuning,256,7,14278,12422093,15.05,success,11.0,full_gpu,7060,sku_a,blue,zone_b,moderado
3096,3.09,0.61,184,22.3,47.3,25.0,8863,hybrid,56,80,436,69,77,1841,4,fine_tuning,768,10,8956,5719280,9.14,running,11.0,mig,3559,sku_e,green,zone_c,moderado
9321,9.39,1.70,503,25.3,62.7,37.4,17035,liquid,64,85,515,77,85,1823,16,training,1024,58,12961,31453820,101.43,running,22.8,full_gpu,12000,sku_c,green,zone_b,moderado
2826,2.76,1.02,489,21.7,46.7,25.0,7729,hybrid,43,71,320,50,70,1287,4,inference,256,1,2418,2397111,1.35,success,8.7,temporal_sharing,3396,sku_c,red,zone_d,moderado
3418,3.43,0.94,252,23.2,55.0,31.8,10485,hybrid,39,59,332,54,68,1359,4,inference,512,1,4327,4979147,1.65,success,15.4,mig,4731,sku_d,white,zone_a,moderado
1307,1.29,1.23,602,24.3,52.7,28.4,8197,air,38,44,193,26,51,1135,2,idle,4,1,265,116343,3.35,running,7.3,mig,1747,sku_d,green,zone_d,moderado
10169,10.09,1.62,319,24.2,52.0,27.8,14708,immersion,82,85,604,63,87,1841,16,training,1536,31,33049,84274322,28.73,success,22.5,full_gpu,12000,sku_d,yellow,zone_c,moderado
1843,1.90,0.95,562,24.2,51.4,27.2,8024,air,26,24,216,26,55,1134,4,idle,4,1,205,57406,4.52,success,8.7,mig,2096,sku_a,yellow,zone_b,moderado
6572,6.61,0.97,310,23.4,46.3,22.9,12011,liquid,73,70,524,69,85,1804,8,fine_tuning,256,20,3571,12398012,21.47,success,16.2,mig,7771,sku_c,white,zone_c,moderado
7732,7.73,1.75,593,25.5,56.9,31.4,16287,immersion,74,82,469,77,85,1648,8,training,1024,30,11150,94896767,39.63,running,16.4,full_gpu,10913,sku_b,blue,zone_a,moderado
10716,10.68,1.93,530,25.5,57.6,32.1,15537,liquid,60,85,524,71,83,1706,16,training,768,125,61508,55361619,64.82,success,30.6,full_gpu,12000,sku_d,blue,zone_d,moderado
600,0.50,0.75,563,24.9,55.2,30.3,5866,hybrid,10,29,90,17,34,1084,1,idle,1,1,71,33331,3.36,running,5,none,660,sku_b,blue,zone_b,moderado
8616,8.68,2.08,572,26.7,62.0,35.3,16268,hybrid,53,82,521,48,86,1709,16,training,768,39,25551,94492728,70.28,success,30.7,full_gpu,11091,sku_b,yellow,zone_a,moderado
2477,2.43,1.37,477,24.2,51.1,26.9,10467,hybrid,47,64,294,46,67,1283,2,inference,16,1,5564,1836643,0.95,success,8.0,full_gpu,3263,sku_a,red,zone_a,moderado
2886,2.91,0.82,259,23.0,44.3,21.3,8778,liquid,47,61,290,49,64,1278,2,inference,64,1,3719,812122,2.65,success,8.2,temporal_sharing,3703,sku_c,yellow,zone_a,moderado
8998,8.96,2.19,610,26.9,60.1,33.2,16018,liquid,60,70,530,51,86,1749,16,training,2048,79,12461,44653624,52.06,running,27.0,full_gpu,12000,sku_b,red,zone_b,moderado
3080,3.07,1.29,314,23.5,46.5,23.0,7846,air,55,56,258,60,68,1379,4,inference,512,1,4548,4742844,2.40,success,8.2,full_gpu,3929,sku_c,green,zone_d,moderado
9240,9.31,1.72,587,25.6,59.2,33.6,14878,immersion,71,65,554,73,84,1732,16,training,2048,80,28883,34532332,109.06,success,26.0,full_gpu,12000,sku_e,blue,zone_d,moderado
2844,2.85,0.85,274,23.2,46.1,22.9,9338,air,35,60,343,46,66,1302,4,inference,256,1,5860,4721293,2.14,success,14.5,temporal_sharing,3673,sku_b,yellow,zone_d,moderado
9211,9.17,1.42,472,23.5,55.2,31.7,14721,hybrid,81,78,522,64,85,1763,16,training,768,61,57289,55726817,44.41,success,24.2,full_gpu,12000,sku_b,green,zone_b,moderado
4649,4.63,1.10,264,23.5,51.7,28.2,10273,liquid,50,71,346,72,74,1575,4,fine_tuning,256,29,4285,5516932,13.90,success,10.1,mig,6303,sku_b,green,zone_c,moderado
3340,3.29,1.58,198,21.0,53.0,32.0,12675,air,54,75,350,58,70,1438,2,fine_tuning,64,23,1236,11267696,23.87,success,6.9,temporal_sharing,4638,sku_c,blue,zone_c,moderado
4293,4.23,0.72,263,23.2,47.5,24.3,10974,hybrid,53,80,323,71,73,1666,4,fine_tuning,512,30,1592,7422646,26.47,success,11.1,full_gpu,5362,sku_a,white,zone_d,moderado
4388,4.39,1.03,235,24.7,49.4,24.7,8694,air,67,76,419,51,74,1429,4,fine_tuning,64,10,8058,9536639,25.18,success,10.6,full_gpu,5091,sku_a,white,zone_c,moderado
3386,3.40,1.03,513,23.9,48.1,24.2,10908,liquid,63,64,254,71,69,1638,4,inference,128,1,4149,1371269,5.11,success,13.7,temporal_sharing,4229,sku_e,white,zone_b,moderado
3752,3.79,0.72,172,22.9,45.6,22.7,9625,hybrid,65,69,354,63,75,1516,4,fine_tuning,384,19,7942,17053204,20.22,success,8.4,full_gpu,4594,sku_a,red,zone_d,moderado
2834,2.91,0.81,170,21.8,49.8,28.0,8902,hybrid,51,83,326,78,75,1691,4,fine_tuning,64,14,8689,8771591,13.81,success,9.1,full_gpu,3678,sku_c,yellow,zone_d,moderado
3197,3.17,0.95,456,24.7,48.2,23.5,10405,air,53,58,287,49,64,1321,2,inference,16,1,2945,1865954,1.98,success,10.6,temporal_sharing,4432,sku_b,green,zone_a,moderado
4986,4.97,1.20,187,22.4,47.2,24.8,10759,hybrid,52,72,366,67,75,1628,4,fine_tuning,384,14,7952,17921430,16.55,success,11.9,full_gpu,6345,sku_e,red,zone_b,moderado
2208,2.14,1.07,480,22.1,49.0,26.9,7536,hybrid,35,59,187,53,60,1286,2,inference,256,1,5184,964258,4.67,success,7.0,temporal_sharing,3020,sku_a,red,zone_d,moderado
7132,7.19,1.37,371,24.5,48.3,23.8,11982,liquid,72,71,425,70,79,1791,8,fine_tuning,256,8,11219,4291817,28.18,success,19.4,full_gpu,9654,sku_c,blue,zone_a,moderado
3149,3.18,0.90,237,23.2,47.4,24.2,11260,hybrid,46,50,390,47,74,1298,4,inference,64,1,5220,1760900,2.82,success,12.3,temporal_sharing,4891,sku_a,green,zone_b,moderado
4164,4.20,0.74,421,23.2,55.2,32.0,10762,hybrid,54,77,395,56,79,1590,4,fine_tuning,384,15,5992,4489662,12.08,success,12.5,full_gpu,5310,sku_c,red,zone_a,moderado
7320,7.24,2.00,373,26.9,55.0,28.1,15249,hybrid,56,83,387,71,79,1771,8,fine_tuning,768,7,3585,4238950,31.13,success,17.0,full_gpu,10014,sku_e,white,zone_b,moderado
2784,2.71,1.17,274,24.5,51.8,27.3,10133,hybrid,43,63,269,38,67,1277,2,inference,32,1,3647,2859433,1.64,running,7.1,full_gpu,4541,sku_d,green,zone_c,moderado
8901,8.85,0.86,246,23.7,48.3,24.6,12418,immersion,64,92,525,67,82,1666,16,training,1536,129,48480,83235194,116.96,success,28.1,full_gpu,10425,sku_d,green,zone_b,moderado
6622,6.56,1.17,318,25.5,51.8,26.3,12740,air,56,79,463,66,80,1591,8,fine_tuning,512,25,12997,13950953,18.56,success,21.1,full_gpu,8399,sku_c,yellow,zone_a,moderado
8306,8.30,1.28,340,22.0,47.6,25.6,14018,immersion,68,79,535,65,88,1785,16,training,256,43,33858,55585304,93.33,success,26.4,full_gpu,10188,sku_e,white,zone_b,moderado
5002,4.98,1.58,286,23.4,52.7,29.3,11489,liquid,60,64,309,73,73,1547,8,inference,16,1,4250,1350752,0.64,success,15.0,temporal_sharing,6207,sku_b,green,zone_b,moderado
8557,8.55,1.33,235,25.1,61.9,36.8,16296,hybrid,63,80,551,64,89,1705,16,training,1536,129,22217,40479052,100.02,success,24.9,full_gpu,11196,sku_e,red,zone_c,moderado
7614,7.65,1.29,385,22.6,49.5,26.9,11168,liquid,76,71,483,65,83,1764,8,fine_tuning,512,24,10430,13115862,33.67,success,20.7,full_gpu,9584,sku_c,green,zone_a,moderado
7513,7.45,1.61,389,26.0,61.9,35.9,13249,liquid,64,80,511,68,85,1694,8,training,1024,129,19638,18156801,104.75,aborted,22.7,full_gpu,9683,sku_b,blue,zone_d,moderado
9207,9.19,1.11,201,22.1,53.4,31.3,14996,hybrid,73,86,582,77,89,1899,16,training,512,52,28685,84793300,100.07,success,26.2,full_gpu,11680,sku_d,green,zone_d,moderado
7597,7.55,1.31,502,22.6,52.1,29.5,14838,immersion,82,77,556,62,86,1892,8,training,256,101,39829,81700428,89.08,success,16.3,full_gpu,8757,sku_e,green,zone_a,moderado
3382,3.37,1.12,257,24.1,52.7,28.6,10106,liquid,40,50,281,39,70,1222,4,inference,128,1,4760,2725117,0.75,running,10.3,mig,4564,sku_a,red,zone_b,moderado
11084,11.12,1.36,485,23.0,52.6,29.6,16816,hybrid,68,81,647,61,88,1901,16,training,1536,120,26549,71993893,102.53,success,26.8,full_gpu,12000,sku_e,yellow,zone_c,moderado
4841,4.80,1.18,498,21.8,44.9,23.1,9081,hybrid,63,75,325,69,75,1584,4,fine_tuning,512,30,7805,3005784,27.70,success,10.5,full_gpu,6278,sku_b,white,zone_b,moderado
2077,2.11,0.86,387,23.4,52.4,29.0,9678,air,39,59,220,56,61,1340,2,inference,256,1,2262,3146146,3.52,success,8.3,temporal_sharing,2862,sku_a,white,zone_a,moderado
8892,8.95,1.92,600,23.5,60.4,36.9,17442,hybrid,62,90,554,54,89,1810,16,training,768,112,53275,82037300,34.18,failed,24.3,full_gpu,12000,sku_a,green,zone_d,moderado
4262,4.20,1.47,322,25.5,58.4,32.9,14378,air,53,76,503,59,85,1555,4,fine_tuning,512,27,4840,7704944,23.29,success,11.3,full_gpu,7005,sku_a,yellow,zone_d,moderado
4099,4.17,1.54,184,25.1,58.6,33.5,10989,air,46,55,336,54,74,1363,4,inference,256,1,2691,1548985,5.09,success,13.3,mig,4934,sku_c,red,zone_b,moderado
2209,2.26,0.76,344,23.1,53.5,30.4,11520,liquid,37,65,265,46,63,1284,2,inference,32,1,4525,4862591,3.59,success,6.6,mig,2913,sku_b,red,zone_c,moderado
3098,3.09,1.39,576,25.2,54.1,28.9,9182,hybrid,35,68,254,42,63,1223,2,inference,128,1,2062,3386584,2.29,success,8.4,mig,4079,sku_c,white,zone_a,moderado
6786,6.74,1.36,348,24.3,55.5,31.2,12033,hybrid,47,82,477,44,82,1545,8,fine_tuning,768,35,5706,9974888,33.44,success,16.7,full_gpu,9835,sku_b,red,zone_d,moderado
10241,10.17,1.90,310,24.2,60.5,36.3,16913,liquid,62,67,506,52,84,1729,16,training,768,62,40507,58760403,88.87,aborted,24.1,full_gpu,12000,sku_e,white,zone_d,moderado
2084,2.12,1.30,509,25.3,59.0,33.7,11846,air,20,38,148,14,47,1101,2,idle,2,1,50,98150,0.98,success,9.0,none,3453,sku_a,blue,zone_c,moderado
7816,7.84,1.61,341,23.1,47.0,23.9,14087,liquid,62,76,528,68,83,1630,8,training,1536,80,41173,73721972,113.34,running,21.2,full_gpu,10196,sku_b,blue,zone_d,moderado
8749,8.83,1.93,598,26.4,61.5,35.1,15243,hybrid,56,82,554,59,89,1810,16,training,512,99,17538,53303414,34.56,success,27.5,full_gpu,11644,sku_d,blue,zone_d,moderado
6834,6.77,1.69,540,24.1,55.3,31.2,12831,hybrid,51,81,319,61,76,1598,8,fine_tuning,512,17,8609,6561496,25.75,success,19.1,temporal_sharing,8918,sku_e,yellow,zone_a,moderado
3411,3.47,1.27,494,24.8,54.3,29.5,10794,air,38,59,274,53,67,1305,4,inference,512,1,3207,1594289,5.20,success,15.3,temporal_sharing,4580,sku_b,white,zone_d,moderado
3162,3.18,1.01,515,24.9,49.1,24.2,11157,liquid,56,50,233,55,65,1403,4,inference,256,1,4379,1660106,2.26,success,9.8,temporal_sharing,3767,sku_b,white,zone_d,moderado
3055,3.03,0.80,157,24.5,50.4,25.9,9669,hybrid,50,67,342,39,68,1430,2,inference,16,1,3438,2147121,4.94,success,7.7,mig,3599,sku_c,red,zone_b,moderado
8231,8.22,1.93,466,25.9,60.9,35.0,15839,air,51,81,495,57,86,1783,16,training,1024,45,16440,87495539,79.43,success,31.7,full_gpu,11156,sku_c,green,zone_b,moderado
4630,4.56,1.31,457,21.1,53.2,32.1,12314,liquid,67,74,380,74,77,1651,4,fine_tuning,512,32,9695,7589320,17.77,success,11.4,temporal_sharing,5894,sku_b,blue,zone_d,moderado
5543,5.54,1.51,359,23.2,51.9,28.7,13814,hybrid,47,81,407,52,78,1547,8,fine_tuning,256,23,6811,11038542,24.57,success,17.3,full_gpu,6960,sku_b,yellow,zone_c,moderado
2885,2.80,0.93,506,25.2,48.8,23.6,9856,air,46,66,188,59,63,1421,4,inference,64,1,1170,4023330,2.54,success,13.8,temporal_sharing,3994,sku_c,blue,zone_a,moderado
2756,2.68,1.37,511,24.2,51.2,27.0,10492,hybrid,37,55,334,49,68,1358,2,inference,512,1,5416,2053444,3.57,success,7.7,temporal_sharing,3935,sku_a,blue,zone_a,moderado
7652,7.63,1.05,416,25.4,56.4,31.0,14394,liquid,76,75,430,67,80,1725,8,training,768,81,18468,25529561,92.19,success,21.4,full_gpu,9094,sku_a,green,zone_a,moderado
3495,3.45,0.66,171,23.8,49.2,25.4,9460,hybrid,41,68,224,56,64,1385,4,inference,16,1,2113,1386556,0.34,success,11.3,temporal_sharing,4572,sku_e,blue,zone_d,moderado
6538,6.48,1.67,574,25.3,58.9,33.6,13375,hybrid,44,84,458,54,83,1682,8,fine_tuning,384,7,5380,16416843,30.75,success,20.1,full_gpu,9273,sku_c,blue,zone_b,moderado
2723,2.69,0.93,394,23.7,55.4,31.7,10637,air,38,66,290,58,66,1492,1,inference,512,1,1440,2168438,0.65,running,7.7,temporal_sharing,3692,sku_d,yellow,zone_b,moderado
8495,8.44,1.12,273,25.3,57.3,32.0,12561,liquid,70,69,607,65,89,1771,16,training,1536,76,32398,75800640,33.42,success,29.4,full_gpu,11436,sku_c,red,zone_d,moderado
8419,8.42,1.63,497,25.6,63.1,37.5,15330,hybrid,67,90,638,69,93,1839,16,training,1024,77,13604,62717094,76.80,aborted,24.6,full_gpu,11402,sku_b,green,zone_a,moderado
6635,6.68,1.56,450,23.4,53.9,30.5,12456,hybrid,46,73,300,55,74,1543,8,fine_tuning,128,27,8408,16248485,22.58,success,18.5,temporal_sharing,8931,sku_b,green,zone_a,moderado
5139,5.17,1.66,500,25.6,61.2,35.6,13135,liquid,55,64,480,43,82,1530,4,fine_tuning,256,12,6198,8416485,22.75,success,12.1,full_gpu,7383,sku_a,blue,zone_b,moderado
1803,1.81,0.83,314,22.9,43.3,20.4,8334,air,62,62,272,73,66,1388,2,inference,64,1,1992,2348561,4.18,success,6.3,full_gpu,2245,sku_b,yellow,zone_c,moderado
8479,8.42,1.81,393,26.8,56.0,29.2,13994,liquid,66,77,529,69,87,1689,16,training,256,103,41556,43187422,89.76,success,32.7,full_gpu,12000,sku_b,green,zone_b,moderado
8290,8.22,1.16,382,21.4,52.4,31.0,12171,hybrid,70,67,565,74,84,1676,8,training,512,39,58999,76633043,116.20,success,15.4,temporal_sharing,9280,sku_e,red,zone_a,moderado
4406,4.37,0.72,325,22.8,52.9,30.1,10834,hybrid,71,73,478,61,83,1739,4,fine_tuning,768,14,3099,2398194,5.49,success,9.7,full_gpu,5399,sku_a,green,zone_d,moderado
4169,4.15,1.06,518,24.8,49.3,24.5,10738,hybrid,45,55,278,52,66,1273,4,inference,512,1,4251,2047758,4.68,success,12.4,mig,5012,sku_a,blue,zone_b,moderado
4736,4.78,1.20,300,24.0,53.9,29.9,9863,hybrid,69,69,387,58,77,1609,4,fine_tuning,512,13,14674,15362840,29.54,success,10.9,full_gpu,5909,sku_d,red,zone_d,moderado
4409,4.39,0.94,212,24.4,53.3,28.9,9991,hybrid,69,82,435,57,80,1759,4,fine_tuning,512,17,3663,14022124,34.06,success,11.6,full_gpu,5411,sku_d,red,zone_b,moderado
2770,2.75,1.08,379,22.7,43.7,21.0,8525,hybrid,51,62,297,48,65,1396,4,inference,128,1,3059,4919561,1.12,success,9.2,full_gpu,3767,sku_e,white,zone_a,moderado
3092,3.04,1.22,311,22.0,52.1,30.1,10946,hybrid,41,58,285,42,68,1291,4,inference,256,1,3084,1453471,3.48,success,12.6,mig,3996,sku_b,green,zone_d,moderado
10334,10.26,2.17,396,26.5,54.3,27.8,15017,hybrid,72,86,632,69,92,1914,16,training,2048,46,23389,36576129,85.25,success,31.1,full_gpu,12000,sku_c,blue,zone_d,moderado
2960,2.94,0.69,339,23.3,44.5,21.2,9343,liquid,36,63,358,62,70,1432,2,inference,64,1,4902,3724687,4.96,success,7.1,temporal_sharing,3874,sku_a,blue,zone_b,moderado
4726,4.67,1.40,337,23.1,45.3,22.2,8956,hybrid,64,70,384,58,76,1682,4,fine_tuning,768,18,12193,5485227,13.44,success,9.3,temporal_sharing,6244,sku_a,red,zone_d,moderado
1199,1.25,1.01,577,24.4,58.0,33.6,7422,air,12,53,106,28,45,1056,2,idle,4,1,134,24305,2.28,success,8.1,none,1817,sku_d,green,zone_c,moderado
3151,3.20,0.70,312,22.1,40.5,18.4,8477,air,42,66,307,64,66,1566,2,inference,256,1,1224,2039226,5.44,success,7.2,mig,3804,sku_d,blue,zone_c,moderado
5554,5.51,1.01,381,25.0,55.2,30.2,13047,air,55,69,478,65,80,1516,4,fine_tuning,512,14,12742,6885835,10.55,success,11.8,full_gpu,7036,sku_e,blue,zone_a,moderado
9340,9.34,1.11,450,21.9,49.0,27.1,12569,liquid,70,91,582,74,88,1905,16,training,1024,55,44475,76622253,71.56,success,29.9,full_gpu,11616,sku_b,white,zone_d,moderado
5224,5.17,1.45,454,25.2,50.9,25.7,10222,hybrid,73,67,349,76,79,1714,4,fine_tuning,256,18,4038,2656883,27.44,success,12.1,temporal_sharing,5926,sku_b,white,zone_c,moderado
7375,7.34,1.97,435,26.0,56.6,30.6,14359,hybrid,57,56,479,51,81,1723,8,training,256,88,23628,33933400,18.85,failed,19.7,temporal_sharing,9742,sku_a,blue,zone_d,moderado
3847,3.78,1.57,335,23.2,49.0,25.8,9648,hybrid,54,72,367,68,76,1487,4,fine_tuning,512,32,2465,15691615,30.48,success,12.3,temporal_sharing,4568,sku_b,red,zone_b,moderado
9641,9.61,2.15,492,27.0,61.4,34.4,16402,liquid,63,83,541,66,85,1782,16,training,768,31,37858,76297428,80.45,success,32.7,full_gpu,12000,sku_d,red,zone_d,moderado
2952,3.00,0.83,380,24.1,49.1,25.0,10060,air,47,59,260,38,66,1236,4,inference,512,1,1835,3692044,4.56,success,10.4,full_gpu,3581,sku_e,yellow,zone_c,moderado
7250,7.25,1.47,277,24.3,52.7,28.4,11957,hybrid,64,65,539,61,85,1850,8,fine_tuning,384,21,2490,7437439,13.53,success,20.4,full_gpu,9653,sku_e,green,zone_d,moderado
3143,3.08,0.60,222,21.7,39.1,17.4,7787,hybrid,43,50,340,63,69,1311,4,inference,64,1,1563,1388731,0.41,success,14.0,mig,4076,sku_e,red,zone_a,moderado
4285,4.33,0.84,439,24.5,50.2,25.7,9676,liquid,54,58,352,54,74,1442,4,inference,64,1,4480,4015134,5.43,success,10.8,temporal_sharing,4935,sku_e,white,zone_d,moderado
6759,6.75,1.50,433,22.1,52.0,29.9,12934,hybrid,49,63,481,47,83,1675,8,fine_tuning,384,27,7522,7481548,26.12,running,20.8,full_gpu,8916,sku_e,red,zone_d,moderado
7857,7.80,0.78,182,23.8,50.6,26.8,13998,liquid,84,78,493,79,83,1804,8,training,1024,103,15160,90556041,111.04,success,19.7,full_gpu,9662,sku_a,green,zone_c,moderado
2373,2.38,0.81,328,23.8,47.9,24.1,8011,hybrid,37,50,310,69,65,1570,2,inference,512,1,1184,2986307,2.52,success,6.4,mig,2922,sku_e,blue,zone_c,moderado
4565,4.49,1.02,408,23.7,46.0,22.3,9453,hybrid,72,57,370,62,76,1474,4,fine_tuning,512,29,4177,9500567,34.04,success,10.1,full_gpu,6215,sku_a,white,zone_b,moderado
5757,5.68,1.45,205,23.7,51.8,28.1,11486,hybrid,75,66,396,75,79,1754,4,fine_tuning,768,23,5999,11759776,20.10,success,12.5,full_gpu,6471,sku_e,red,zone_a,moderado
8932,8.94,1.41,295,24.9,52.3,27.4,12526,liquid,64,77,582,72,86,1720,16,training,256,98,42627,86698869,23.97,success,30.3,full_gpu,12000,sku_c,white,zone_d,moderado
2569,2.61,0.78,286,24.2,48.3,24.1,8349,air,37,76,350,66,69,1733,2,fine_tuning,384,18,11529,8038779,10.96,success,6.0,temporal_sharing,3544,sku_b,green,zone_b,moderado
8388,8.35,1.62,386,25.3,61.8,36.5,15370,hybrid,77,83,541,72,86,1625,16,training,512,131,48401,62345172,80.09,success,22.8,full_gpu,12000,sku_b,red,zone_b,moderado
2156,2.17,0.98,331,21.6,50.1,28.5,8052,hybrid,45,59,265,52,63,1399,1,inference,128,1,4045,620275,5.31,success,5.7,mig,2589,sku_a,yellow,zone_d,moderado
6629,6.71,1.57,443,25.0,50.5,25.5,11107,hybrid,61,70,359,74,78,1765,8,fine_tuning,128,28,7586,4968270,21.16,success,19.5,full_gpu,8756,sku_b,yellow,zone_a,moderado
7594,7.63,0.81,349,25.5,57.8,32.3,14066,liquid,71,72,520,68,84,1688,8,training,256,94,32400,85418807,116.73,running,16.4,full_gpu,9766,sku_b,blue,zone_a,moderado
4253,4.26,0.54,309,24.9,49.8,24.9,12077,liquid,66,68,394,77,79,1684,4,fine_tuning,512,7,7047,6547344,13.49,success,10.7,full_gpu,5369,sku_a,white,zone_a,moderado
5804,5.81,1.20,427,23.5,48.0,24.5,12806,hybrid,48,67,310,57,72,1650,8,inference,64,1,2387,2091306,2.57,success,17.6,mig,7895,sku_e,yellow,zone_a,moderado
2123,2.09,1.08,646,25.8,59.3,33.5,9526,hybrid,10,38,233,16,53,1115,4,idle,8,1,292,25080,6.62,success,11.0,temporal_sharing,3132,sku_b,yellow,zone_c,moderado
2894,2.93,1.19,447,23.5,47.8,24.3,9280,hybrid,43,63,228,44,61,1238,2,inference,512,1,2525,1365441,0.43,success,7.1,full_gpu,3971,sku_b,green,zone_d,moderado
4949,5.01,1.55,259,22.7,47.2,24.5,10598,hybrid,48,74,312,63,74,1610,8,inference,64,1,5511,1351883,3.19,success,17.7,temporal_sharing,5856,sku_b,red,zone_b,moderado
3787,3.78,1.49,376,23.0,54.7,31.7,10687,hybrid,48,61,266,39,66,1232,4,inference,128,1,2505,1960423,1.38,success,12.8,temporal_sharing,4386,sku_c,red,zone_a,moderado
7807,7.75,0.65,254,23.7,48.1,24.4,13737,hybrid,84,81,602,83,87,1776,8,training,768,125,45938,46512110,38.84,success,21.2,full_gpu,10613,sku_a,blue,zone_d,moderado
2167,2.15,0.75,209,22.3,43.6,21.3,6171,air,49,55,214,57,62,1316,1,inference,128,1,4462,4020729,2.07,success,5.2,temporal_sharing,2538,sku_d,yellow,zone_c,moderado
9947,9.93,1.27,493,25.0,56.5,31.5,17148,hybrid,79,85,530,65,85,1815,16,training,768,50,57990,88768577,101.02,success,30.9,full_gpu,12000,sku_a,green,zone_b,moderado
3087,3.05,1.01,263,21.2,44.1,22.9,9064,hybrid,45,67,381,43,72,1315,4,inference,512,1,1768,4453601,4.15,success,12.3,temporal_sharing,3939,sku_b,red,zone_c,moderado
4932,5.00,1.53,518,23.6,53.7,30.1,12629,hybrid,49,76,346,53,74,1525,8,inference,512,1,2858,1365846,2.31,success,18.7,temporal_sharing,6133,sku_a,blue,zone_a,moderado
2518,2.56,0.87,225,22.3,48.3,26.0,7758,air,47,51,291,63,66,1550,2,inference,64,1,4534,3402395,4.93,success,6.5,temporal_sharing,3445,sku_d,blue,zone_a,moderado
4109,4.09,1.33,458,23.1,54.7,31.6,10951,hybrid,63,73,326,63,74,1461,4,fine_tuning,768,11,10302,6078858,10.77,success,12.3,mig,5536,sku_a,green,zone_b,moderado
6053,6.04,1.52,303,24.3,55.1,30.8,13502,hybrid,58,74,458,75,82,1631,4,fine_tuning,128,35,8716,11082679,18.29,running,15.6,full_gpu,7885,sku_d,yellow,zone_b,moderado
4549,4.58,1.58,292,23.7,49.0,25.3,11085,hybrid,73,76,354,67,76,1637,4,fine_tuning,256,27,4143,5743856,14.15,success,11.3,full_gpu,5927,sku_d,blue,zone_d,moderado
7564,7.52,2.05,593,24.0,61.5,37.5,14374,hybrid,46,69,484,40,81,1579,8,fine_tuning,512,7,7262,9458053,26.95,success,22.4,full_gpu,10197,sku_a,red,zone_c,moderado
3903,3.85,1.03,314,23.9,52.1,28.2,9963,air,58,64,335,69,71,1536,4,fine_tuning,512,16,14343,4117528,21.69,success,8.6,temporal_sharing,5360,sku_b,red,zone_b,moderado
3489,3.51,0.67,232,23.5,49.1,25.6,9720,hybrid,46,62,359,65,71,1687,2,inference,64,1,5586,815185,3.62,success,6.8,full_gpu,4068,sku_d,blue,zone_c,moderado
9270,9.26,1.87,354,25.3,54.2,28.9,15094,hybrid,61,83,521,57,84,1822,16,training,768,114,60118,89818118,53.89,running,26.7,full_gpu,12000,sku_d,white,zone_c,moderado
4309,4.27,1.11,430,23.4,46.9,23.5,8930,hybrid,48,79,370,61,74,1497,4,fine_tuning,512,16,6199,3557393,20.33,success,9.4,full_gpu,4904,sku_b,blue,zone_d,moderado
9554,9.56,2.16,545,27.0,61.1,34.1,16285,hybrid,60,88,481,59,81,1782,16,training,256,113,44028,86107856,99.10,success,31.0,full_gpu,12000,sku_a,white,zone_d,moderado
3532,3.47,0.97,236,22.0,42.5,20.5,9250,air,61,53,379,54,73,1306,4,inference,32,1,3561,4887697,3.46,success,12.0,mig,4236,sku_b,blue,zone_c,moderado
4932,4.94,1.41,332,22.2,45.7,23.5,10260,hybrid,73,56,410,63,78,1555,8,inference,64,1,4513,3877102,3.24,success,13.9,temporal_sharing,5704,sku_e,blue,zone_d,moderado
3949,3.95,0.91,414,22.8,47.3,24.5,11912,hybrid,70,61,469,69,80,1854,4,fine_tuning,256,31,12585,17256666,14.23,success,10.5,full_gpu,4931,sku_c,yellow,zone_d,moderado
3178,3.12,1.74,384,26.6,62.6,36.0,12657,hybrid,40,64,248,28,64,1142,4,inference,128,1,5961,4567987,3.05,success,13.8,full_gpu,4748,sku_c,blue,zone_d,moderado
2199,2.16,0.84,252,22.9,42.2,19.3,8224,hybrid,42,57,234,64,65,1541,1,inference,64,1,5141,797142,3.57,success,5.8,mig,2655,sku_c,white,zone_c,moderado
3943,3.96,1.74,524,25.8,57.7,31.9,15180,air,39,68,383,50,73,1500,4,inference,64,1,2636,1695921,0.75,success,15.6,temporal_sharing,6418,sku_c,green,zone_c,moderado
3124,3.04,1.53,488,22.3,54.7,32.4,11226,hybrid,40,71,273,57,67,1421,4,inference,256,1,2243,4232417,5.42,success,10.1,temporal_sharing,4143,sku_a,green,zone_d,moderado
10073,10.12,2.28,311,25.4,55.0,29.6,16622,hybrid,64,79,572,62,86,1861,16,training,2048,27,22184,77359347,62.14,failed,29.8,full_gpu,12000,sku_e,white,zone_c,moderado
5634,5.65,1.45,446,23.3,50.7,27.4,11261,liquid,59,67,387,65,80,1694,4,fine_tuning,128,7,10483,13342864,8.42,success,15.1,full_gpu,7169,sku_d,red,zone_b,moderado
5589,5.52,1.66,476,21.1,46.2,25.1,12409,hybrid,56,74,383,63,77,1637,8,inference,512,1,4784,1791111,0.69,running,14.8,temporal_sharing,7464,sku_a,yellow,zone_a,moderado
2836,2.78,0.78,328,22.4,42.3,19.9,8946,air,41,55,275,53,67,1251,2,inference,256,1,3044,4926745,3.85,success,5.5,temporal_sharing,3562,sku_a,white,zone_a,moderado
4771,4.70,0.94,412,23.9,49.2,25.3,9673,liquid,54,73,343,75,72,1632,4,fine_tuning,384,11,8263,10070039,27.84,success,11.0,full_gpu,5503,sku_c,green,zone_c,moderado
9443,9.37,1.70,332,27.0,58.9,31.9,16151,hybrid,50,66,648,52,90,1852,16,training,256,133,45822,87641865,91.55,success,24.2,full_gpu,12000,sku_e,white,zone_c,moderado
6870,6.93,1.68,346,26.8,59.4,32.6,12749,air,57,84,454,58,82,1743,8,fine_tuning,768,16,6520,5932956,20.11,success,17.8,full_gpu,10664,sku_b,green,zone_b,moderado
4646,4.67,1.06,194,24.3,49.6,25.3,9899,hybrid,72,78,405,72,79,1690,4,fine_tuning,768,21,2689,13998431,22.64,success,13.0,mig,5415,sku_d,red,zone_c,moderado
4671,4.66,0.93,257,23.2,52.7,29.5,10380,liquid,69,79,372,79,75,1781,4,fine_tuning,64,18,10325,16726926,31.59,success,10.5,temporal_sharing,5946,sku_a,green,zone_a,moderado
4031,4.10,0.89,274,22.7,47.8,25.1,11074,air,57,80,483,72,79,1632,4,fine_tuning,384,8,5979,14205967,5.52,success,9.0,full_gpu,4830,sku_e,white,zone_a,moderado
7655,7.69,1.64,583,26.5,52.7,26.2,14341,liquid,57,89,327,63,76,1819,8,fine_tuning,384,15,2827,4411581,21.25,success,22.5,mig,11784,sku_b,yellow,zone_c,moderado
4532,4.57,1.26,322,22.4,47.8,25.4,11072,hybrid,46,55,295,41,68,1382,8,inference,16,1,5361,1716744,2.38,success,15.5,temporal_sharing,6267,sku_b,red,zone_b,moderado
2528,2.52,1.09,256,23.0,48.7,25.7,9273,liquid,58,56,237,60,66,1473,4,inference,64,1,4671,4992825,1.04,success,13.1,temporal_sharing,3218,sku_d,red,zone_d,moderado
3588,3.63,0.74,362,22.0,46.6,24.6,8071,hybrid,56,55,346,73,71,1692,4,inference,128,1,2749,2366166,0.38,success,9.1,temporal_sharing,4635,sku_e,white,zone_c,moderado
9735,9.68,2.33,583,25.4,60.1,34.7,14650,hybrid,56,68,520,53,82,1715,16,training,512,120,55839,92527139,57.80,success,24.6,full_gpu,12000,sku_e,red,zone_a,moderado
9715,9.68,2.18,499,25.4,60.0,34.6,16841,hybrid,61,78,554,57,86,1696,16,training,1024,73,25244,37684890,36.92,failed,31.9,full_gpu,12000,sku_d,blue,zone_b,moderado
5200,5.12,0.87,354,23.0,54.0,31.0,12339,hybrid,65,80,331,73,75,1543,4,fine_tuning,256,11,11142,3596378,15.12,running,11.8,full_gpu,6996,sku_c,red,zone_b,moderado
4448,4.45,0.84,471,23.6,53.2,29.6,9937,hybrid,75,78,338,73,76,1488,4,fine_tuning,256,19,14735,16893482,26.79,success,12.6,full_gpu,5543,sku_d,white,zone_b,moderado
5171,5.15,0.99,188,21.5,50.7,29.2,10274,hybrid,56,81,450,61,80,1626,8,fine_tuning,512,10,9772,2366950,25.66,success,18.2,full_gpu,6865,sku_d,white,zone_a,moderado
1734,1.75,0.48,360,23.0,45.3,22.3,7564,hybrid,47,69,215,71,63,1517,1,inference,256,1,5981,2711284,2.77,success,5.2,mig,2233,sku_b,yellow,zone_a,moderado
4152,4.12,0.74,184,23.1,42.3,19.2,10182,liquid,67,63,376,75,77,1599,4,fine_tuning,512,14,3867,9125758,9.73,success,9.3,full_gpu,4779,sku_d,red,zone_c,moderado
5434,5.37,0.81,298,22.3,44.6,22.3,10933,hybrid,71,60,513,75,83,1844,4,fine_tuning,384,9,12675,12045192,30.78,success,10.1,full_gpu,6660,sku_e,yellow,zone_a,moderado
3615,3.62,1.53,385,23.9,46.7,22.8,9333,air,35,52,332,48,68,1281,4,inference,16,1,2744,3270402,2.00,success,10.9,temporal_sharing,4762,sku_d,red,zone_c,moderado
4504,4.45,0.56,331,21.2,48.7,27.5,13174,air,59,83,346,63,74,1471,4,fine_tuning,512,4,6725,4863585,19.22,success,10.9,full_gpu,5381,sku_e,blue,zone_b,moderado
6259,6.21,1.46,203,24.8,53.6,28.8,14061,hybrid,56,64,498,64,81,1525,8,fine_tuning,128,6,6331,5369057,12.35,success,19.6,full_gpu,7591,sku_b,blue,zone_d,moderado
5217,5.13,1.43,503,23.0,46.4,23.4,10540,hybrid,71,68,286,72,73,1684,4,fine_tuning,768,24,6277,3839424,11.48,success,13.3,full_gpu,6157,sku_b,red,zone_d,moderado
5710,5.71,1.05,258,22.0,47.1,25.1,9136,liquid,65,58,478,64,80,1783,4,fine_tuning,384,13,4932,9418423,28.25,success,12.0,full_gpu,6981,sku_d,green,zone_b,moderado
3074,3.13,0.63,261,21.1,38.4,17.3,7159,hybrid,57,72,391,68,75,1753,4,fine_tuning,768,10,14060,12140628,8.06,success,9.9,full_gpu,3988,sku_a,blue,zone_b,moderado
4685,4.75,1.05,376,25.2,54.4,29.2,11888,air,61,71,365,66,77,1492,4,fine_tuning,512,13,14547,7586211,21.65,success,10.1,full_gpu,6171,sku_a,yellow,zone_d,moderado
2973,2.99,1.34,254,24.0,49.3,25.3,10374,air,34,54,314,49,65,1221,2,inference,512,1,3486,3982591,0.68,success,9.3,temporal_sharing,3701,sku_e,white,zone_c,moderado
7830,7.81,2.19,578,26.6,57.7,31.1,15891,hybrid,50,87,525,50,87,1802,8,training,1024,112,19668,50035148,61.46,success,22.0,full_gpu,9438,sku_c,red,zone_d,moderado
1857,1.84,0.94,461,22.1,48.1,26.0,6773,air,49,52,203,55,58,1385,2,inference,128,1,1779,3371908,0.84,success,8.6,mig,2266,sku_b,green,zone_b,moderado
6959,6.96,0.68,199,23.4,48.5,25.1,14093,liquid,79,85,539,82,87,1836,8,training,1024,26,20366,83107850,66.69,success,22.3,full_gpu,8462,sku_a,green,zone_c,moderado
11168,11.12,1.84,617,26.3,57.0,30.7,17268,hybrid,72,78,586,68,88,1910,16,training,512,79,61850,73628261,86.26,success,31.6,full_gpu,12000,sku_a,white,zone_a,moderado
3141,3.15,1.21,267,21.6,50.8,29.2,11454,hybrid,42,66,381,47,74,1288,4,inference,512,1,4797,3429114,3.27,success,11.4,full_gpu,3974,sku_e,blue,zone_c,moderado
3969,4.01,0.95,296,21.5,42.0,20.5,10604,air,48,53,339,42,69,1222,4,inference,512,1,4592,3103561,4.97,success,10.7,temporal_sharing,5196,sku_e,blue,zone_a,moderado
3772,3.82,1.24,484,23.3,49.1,25.8,12292,air,42,60,362,48,72,1222,4,inference,256,1,5806,2538410,1.17,success,13.3,temporal_sharing,5440,sku_b,green,zone_c,moderado
7628,7.56,1.10,443,23.2,53.3,30.1,13350,liquid,79,78,430,65,79,1690,8,training,2048,122,56013,19361670,110.87,success,15.4,full_gpu,11034,sku_d,blue,zone_b,moderado
3947,3.97,0.99,181,23.7,53.7,30.0,12174,hybrid,51,57,405,62,76,1659,4,fine_tuning,512,32,1318,4049000,11.28,success,12.4,temporal_sharing,5111,sku_e,white,zone_a,moderado
5587,5.64,1.67,485,22.3,51.2,28.9,11401,hybrid,73,81,390,61,80,1690,4,fine_tuning,128,18,13028,11221992,22.28,success,12.2,mig,6867,sku_e,blue,zone_c,moderado
2737,2.76,0.99,392,21.0,45.2,24.2,10554,hybrid,37,53,289,51,66,1322,4,inference,512,1,4800,3944962,3.03,success,12.8,temporal_sharing,3783,sku_a,yellow,zone_c,moderado
7143,7.19,1.01,493,21.0,52.6,31.6,13495,liquid,75,70,568,68,86,1935,8,fine_tuning,768,35,14091,16804684,16.58,success,20.7,full_gpu,8019,sku_b,blue,zone_c,moderado
2318,2.32,1.27,330,22.4,53.7,31.3,10251,hybrid,40,52,351,42,69,1195,1,inference,512,1,4929,4211277,0.75,success,6.3,temporal_sharing,2777,sku_a,red,zone_c,moderado
2582,2.60,1.53,384,23.1,48.5,25.4,10411,hybrid,50,59,235,44,65,1300,4,inference,64,1,4278,2348092,2.99,success,11.4,full_gpu,3526,sku_e,yellow,zone_b,moderado
1017,0.98,1.89,616,26.0,57.2,31.2,7201,air,31,34,127,14,49,968,1,idle,1,1,290,101934,5.96,success,5.6,none,1289,sku_e,yellow,zone_a,moderado
6159,6.23,1.02,215,23.8,56.2,32.4,13773,hybrid,62,66,382,72,76,1665,4,fine_tuning,128,10,12108,14180424,17.19,success,10.8,temporal_sharing,6898,sku_a,white,zone_c,moderado
1599,1.67,1.18,556,24.1,52.6,28.5,6879,air,35,43,146,25,48,1044,2,idle,8,1,25,92925,7.35,success,8.0,none,1905,sku_e,blue,zone_d,moderado
10953,10.88,2.05,371,24.7,57.5,32.8,17065,hybrid,62,84,626,61,90,1863,16,training,512,25,50706,59842285,118.96,running,30.3,full_gpu,12000,sku_a,blue,zone_a,moderado
5186,5.15,1.01,190,22.6,43.9,21.3,9786,hybrid,59,56,443,50,77,1468,8,inference,512,1,3170,2326811,3.03,success,15.9,full_gpu,5775,sku_e,blue,zone_a,moderado
5176,5.17,1.53,422,23.8,54.3,30.5,12775,hybrid,54,76,360,63,78,1585,4,fine_tuning,512,28,3106,13445554,31.42,success,12.6,temporal_sharing,7046,sku_e,red,zone_a,moderado
1483,1.43,1.28,319,23.5,55.6,32.1,8214,air,26,32,213,12,48,1046,1,idle,16,1,384,95214,6.44,success,5.8,temporal_sharing,2207,sku_e,yellow,zone_d,moderado
8618,8.59,1.34,411,22.3,52.8,30.5,13443,hybrid,67,73,645,70,89,1873,16,training,256,69,58369,73735508,27.16,success,26.4,full_gpu,10546,sku_c,red,zone_c,moderado
2169,2.11,0.83,284,22.8,51.1,28.3,7082,liquid,56,65,201,61,61,1387,1,inference,128,1,4276,4606025,3.57,success,5.6,mig,2393,sku_a,blue,zone_a,moderado
3053,3.00,1.12,461,21.5,43.5,22.0,9262,hybrid,43,61,337,53,70,1335,2,inference,256,1,5943,4566013,4.22,success,9.2,temporal_sharing,3964,sku_c,blue,zone_d,moderado
3245,3.18,0.69,306,24.3,52.1,27.8,8999,liquid,72,80,393,66,75,1759,4,fine_tuning,256,15,14644,4841709,12.13,success,10.4,full_gpu,4458,sku_b,green,zone_d,moderado
9517,9.52,0.85,332,24.5,56.3,31.8,14677,hybrid,84,86,594,81,88,1872,16,training,512,67,43813,76631699,42.33,success,24.7,full_gpu,11227,sku_b,yellow,zone_d,moderado
7789,7.81,0.90,383,24.9,55.8,30.9,13919,liquid,83,86,454,68,82,1727,8,training,256,55,31312,89852598,69.53,success,19.7,full_gpu,9189,sku_a,blue,zone_d,moderado
7615,7.62,1.01,238,24.7,51.9,27.2,13748,liquid,73,82,543,72,85,1695,8,training,256,65,26883,40000358,52.49,success,17.5,full_gpu,9385,sku_d,green,zone_c,moderado
7034,6.98,0.79,355,21.2,45.9,24.7,11333,hybrid,81,66,457,78,82,1753,8,training,512,71,20754,20908521,82.36,success,17.9,full_gpu,8588,sku_c,yellow,zone_c,moderado
5250,5.22,0.55,331,21.4,43.2,21.8,8338,liquid,60,60,304,72,74,1510,8,inference,16,1,4389,4047856,5.22,success,15.1,temporal_sharing,5949,sku_e,white,zone_b,moderado
4354,4.40,0.54,144,21.7,41.9,20.2,7547,hybrid,57,82,524,65,83,1787,4,fine_tuning,768,11,4859,3927406,22.69,success,12.3,mig,5746,sku_b,blue,zone_d,moderado
5982,6.00,0.49,232,23.2,48.1,24.9,11832,hybrid,58,80,473,67,82,1706,4,fine_tuning,128,21,14714,16528053,7.46,success,10.4,full_gpu,7678,sku_a,white,zone_b,moderado
10794,10.76,1.85,555,25.9,52.0,26.1,15366,liquid,77,87,625,70,92,1910,16,training,1024,52,41706,51327086,49.71,success,29.3,full_gpu,12000,sku_d,yellow,zone_a,moderado
5492,5.46,0.49,183,24.5,52.1,27.6,12026,liquid,69,66,475,78,84,1800,4,fine_tuning,128,10,4390,13165869,24.25,success,12.2,full_gpu,6320,sku_d,red,zone_b,moderado
8844,8.82,2.12,433,26.8,63.7,36.9,16619,liquid,66,74,558,62,89,1811,16,training,1536,84,61447,89549099,86.97,success,33.0,full_gpu,12000,sku_e,yellow,zone_b,moderado
6145,6.14,1.56,477,24.6,52.7,28.1,11165,hybrid,70,63,372,77,78,1729,8,inference,512,1,5045,3462342,4.61,success,18.4,temporal_sharing,7128,sku_b,blue,zone_a,moderado
8828,8.82,1.57,583,25.0,54.7,29.7,16844,hybrid,62,78,554,70,90,1894,16,training,512,84,29440,18631963,59.27,success,29.0,full_gpu,12000,sku_b,green,zone_b,moderado
10471,10.40,2.04,543,25.5,58.2,32.7,15989,immersion,70,80,561,64,87,1818,16,training,2048,64,32165,25132135,88.58,success,26.9,full_gpu,12000,sku_d,green,zone_d,moderado
5751,5.78,0.96,184,23.8,53.6,29.8,10268,hybrid,73,62,416,72,77,1665,8,inference,512,1,2450,4195870,3.53,success,15.4,temporal_sharing,6435,sku_a,yellow,zone_d,moderado
7683,7.65,1.79,518,26.1,62.5,36.4,15096,hybrid,60,68,443,47,79,1668,8,training,1024,55,24596,77633055,68.34,success,20.6,full_gpu,10781,sku_b,blue,zone_a,moderado
9362,9.39,2.32,426,25.8,52.2,26.4,15355,liquid,77,80,562,67,88,1901,16,training,2048,50,16384,80948153,94.54,success,24.0,full_gpu,12000,sku_c,green,zone_a,moderado
3638,3.62,1.56,501,25.6,54.4,28.8,12071,hybrid,52,60,327,45,67,1484,2,inference,256,1,1580,3093464,1.85,success,8.4,mig,4563,sku_a,red,zone_c,moderado
5816,5.86,1.01,447,23.8,52.7,28.9,11839,hybrid,65,72,488,71,82,1714,4,fine_tuning,512,34,11331,9422421,30.77,success,12.2,full_gpu,7881,sku_a,red,zone_c,moderado
9072,9.09,1.63,550,24.8,54.0,29.2,13765,hybrid,77,73,557,75,87,1849,16,training,512,71,34438,91674360,36.69,success,30.6,full_gpu,11581,sku_c,blue,zone_d,moderado

